"Tabela 9543 - Taxa de alfabetização das pessoas de 15 anos ou mais de idade por sexo, cor ou raça e grupos de idade"
"Variável - Taxa de alfabetização das pessoas de 15 anos ou mais de idade (%)"
"Município";"Idade";"Ano x Sexo x Cor ou raça"
"Município";"Idade";"2022"
"Município";"Idade";"Total"
"Município";"Idade";"Total"
"Açailândia (MA)";"Total";"87,14"
"Afonso Cunha (MA)";"Total";"76,78"
"Água Doce do Maranhão (MA)";"Total";"74,30"
"Alcântara (MA)";"Total";"81,52"
"Aldeias Altas (MA)";"Total";"71,54"
"Altamira do Maranhão (MA)";"Total";"75,30"
"Alto Alegre do Maranhão (MA)";"Total";"76,25"
"Alto Alegre do Pindaré (MA)";"Total";"77,84"
"Alto Parnaíba (MA)";"Total";"87,06"
"Amapá do Maranhão (MA)";"Total";"79,24"
"Amarante do Maranhão (MA)";"Total";"80,40"
"Anajatuba (MA)";"Total";"78,02"
"Anapurus (MA)";"Total";"78,29"
"Apicum-Açu (MA)";"Total";"84,45"
"Araguanã (MA)";"Total";"79,85"
"Araioses (MA)";"Total";"72,38"
"Arame (MA)";"Total";"75,01"
"Arari (MA)";"Total";"84,46"
"Axixá (MA)";"Total";"87,50"
"Bacabal (MA)";"Total";"85,13"
"Bacabeira (MA)";"Total";"85,98"
"Bacuri (MA)";"Total";"80,93"
"Bacurituba (MA)";"Total";"83,02"
"Balsas (MA)";"Total";"91,59"
"Barão de Grajaú (MA)";"Total";"83,48"
"Barra do Corda (MA)";"Total";"79,76"
"Barreirinhas (MA)";"Total";"83,11"
"Belágua (MA)";"Total";"76,35"
"Bela Vista do Maranhão (MA)";"Total";"79,49"
"Benedito Leite (MA)";"Total";"78,44"
"Bequimão (MA)";"Total";"81,47"
"Bernardo do Mearim (MA)";"Total";"82,33"
"Boa Vista do Gurupi (MA)";"Total";"80,90"
"Bom Jardim (MA)";"Total";"75,07"
"Bom Jesus das Selvas (MA)";"Total";"77,67"
"Bom Lugar (MA)";"Total";"73,11"
"Brejo (MA)";"Total";"76,82"
"Brejo de Areia (MA)";"Total";"74,58"
"Buriti (MA)";"Total";"76,36"
"Buriti Bravo (MA)";"Total";"76,57"
"Buriticupu (MA)";"Total";"79,45"
"Buritirana (MA)";"Total";"79,45"
"Cachoeira Grande (MA)";"Total";"77,80"
"Cajapió (MA)";"Total";"79,79"
"Cajari (MA)";"Total";"85,35"
"Campestre do Maranhão (MA)";"Total";"84,45"
"Cândido Mendes (MA)";"Total";"82,87"
"Cantanhede (MA)";"Total";"82,95"
"Capinzal do Norte (MA)";"Total";"75,17"
"Carolina (MA)";"Total";"87,75"
"Carutapera (MA)";"Total";"85,70"
"Caxias (MA)";"Total";"82,48"
"Cedral (MA)";"Total";"86,80"
"Central do Maranhão (MA)";"Total";"79,26"
"Centro do Guilherme (MA)";"Total";"79,86"
"Centro Novo do Maranhão (MA)";"Total";"79,73"
"Chapadinha (MA)";"Total";"80,88"
"Cidelândia (MA)";"Total";"80,95"
"Codó (MA)";"Total";"77,70"
"Coelho Neto (MA)";"Total";"78,46"
"Colinas (MA)";"Total";"78,29"
"Conceição do Lago-Açu (MA)";"Total";"76,99"
"Coroatá (MA)";"Total";"76,24"
"Cururupu (MA)";"Total";"85,49"
"Davinópolis (MA)";"Total";"85,74"
"Dom Pedro (MA)";"Total";"83,75"
"Duque Bacelar (MA)";"Total";"73,31"
"Esperantinópolis (MA)";"Total";"78,83"
"Estreito (MA)";"Total";"88,51"
"Feira Nova do Maranhão (MA)";"Total";"83,94"
"Fernando Falcão (MA)";"Total";"73,77"
"Formosa da Serra Negra (MA)";"Total";"85,92"
"Fortaleza dos Nogueiras (MA)";"Total";"89,06"
"Fortuna (MA)";"Total";"79,52"
"Godofredo Viana (MA)";"Total";"86,55"
"Gonçalves Dias (MA)";"Total";"75,77"
"Governador Archer (MA)";"Total";"79,08"
"Governador Edison Lobão (MA)";"Total";"84,58"
"Governador Eugênio Barros (MA)";"Total";"76,05"
"Governador Luiz Rocha (MA)";"Total";"77,49"
"Governador Newton Bello (MA)";"Total";"81,39"
"Governador Nunes Freire (MA)";"Total";"81,96"
"Graça Aranha (MA)";"Total";"79,36"
"Grajaú (MA)";"Total";"82,84"
"Guimarães (MA)";"Total";"88,95"
"Humberto de Campos (MA)";"Total";"81,57"
"Icatu (MA)";"Total";"82,05"
"Igarapé do Meio (MA)";"Total";"78,74"
"Igarapé Grande (MA)";"Total";"76,63"
"Imperatriz (MA)";"Total";"93,22"
"Itaipava do Grajaú (MA)";"Total";"74,55"
"Itapecuru Mirim (MA)";"Total";"81,99"
"Itinga do Maranhão (MA)";"Total";"85,12"
"Jatobá (MA)";"Total";"77,64"
"Jenipapo dos Vieiras (MA)";"Total";"72,09"
"João Lisboa (MA)";"Total";"85,19"
"Joselândia (MA)";"Total";"75,06"
"Junco do Maranhão (MA)";"Total";"80,37"
"Lago da Pedra (MA)";"Total";"76,21"
"Lago do Junco (MA)";"Total";"74,59"
"Lago Verde (MA)";"Total";"73,33"
"Lagoa do Mato (MA)";"Total";"77,24"
"Lago dos Rodrigues (MA)";"Total";"76,20"
"Lagoa Grande do Maranhão (MA)";"Total";"71,45"
"Lajeado Novo (MA)";"Total";"83,63"
"Lima Campos (MA)";"Total";"78,30"
"Loreto (MA)";"Total";"86,56"
"Luís Domingues (MA)";"Total";"86,03"
"Magalhães de Almeida (MA)";"Total";"76,24"
"Maracaçumé (MA)";"Total";"81,79"
"Marajá do Sena (MA)";"Total";"71,27"
"Maranhãozinho (MA)";"Total";"77,52"
"Mata Roma (MA)";"Total";"79,03"
"Matinha (MA)";"Total";"84,67"
"Matões (MA)";"Total";"75,39"
"Matões do Norte (MA)";"Total";"80,80"
"Milagres do Maranhão (MA)";"Total";"70,66"
"Mirador (MA)";"Total";"76,05"
"Miranda do Norte (MA)";"Total";"85,55"
"Mirinzal (MA)";"Total";"87,74"
"Monção (MA)";"Total";"79,55"
"Montes Altos (MA)";"Total";"84,12"
"Morros (MA)";"Total";"81,23"
"Nina Rodrigues (MA)";"Total";"80,37"
"Nova Colinas (MA)";"Total";"82,33"
"Nova Iorque (MA)";"Total";"80,57"
"Nova Olinda do Maranhão (MA)";"Total";"78,67"
"Olho d'Água das Cunhãs (MA)";"Total";"73,82"
"Olinda Nova do Maranhão (MA)";"Total";"81,45"
"Paço do Lumiar (MA)";"Total";"95,87"
"Palmeirândia (MA)";"Total";"80,16"
"Paraibano (MA)";"Total";"76,38"
"Parnarama (MA)";"Total";"74,30"
"Passagem Franca (MA)";"Total";"74,87"
"Pastos Bons (MA)";"Total";"82,91"
"Paulino Neves (MA)";"Total";"78,92"
"Paulo Ramos (MA)";"Total";"73,21"
"Pedreiras (MA)";"Total";"84,70"
"Pedro do Rosário (MA)";"Total";"79,58"
"Penalva (MA)";"Total";"83,19"
"Peri Mirim (MA)";"Total";"84,68"
"Peritoró (MA)";"Total";"74,95"
"Pindaré-Mirim (MA)";"Total";"84,27"
"Pinheiro (MA)";"Total";"85,91"
"Pio XII (MA)";"Total";"75,13"
"Pirapemas (MA)";"Total";"76,46"
"Poção de Pedras (MA)";"Total";"74,66"
"Porto Franco (MA)";"Total";"89,05"
"Porto Rico do Maranhão (MA)";"Total";"86,98"
"Presidente Dutra (MA)";"Total";"83,73"
"Presidente Juscelino (MA)";"Total";"79,30"
"Presidente Médici (MA)";"Total";"81,20"
"Presidente Sarney (MA)";"Total";"79,65"
"Presidente Vargas (MA)";"Total";"80,29"
"Primeira Cruz (MA)";"Total";"79,69"
"Raposa (MA)";"Total";"89,72"
"Riachão (MA)";"Total";"84,99"
"Ribamar Fiquene (MA)";"Total";"83,47"
"Rosário (MA)";"Total";"86,60"
"Sambaíba (MA)";"Total";"80,30"
"Santa Filomena do Maranhão (MA)";"Total";"76,39"
"Santa Helena (MA)";"Total";"82,17"
"Santa Inês (MA)";"Total";"87,59"
"Santa Luzia (MA)";"Total";"76,92"
"Santa Luzia do Paruá (MA)";"Total";"83,93"
"Santa Quitéria do Maranhão (MA)";"Total";"75,91"
"Santa Rita (MA)";"Total";"84,42"
"Santana do Maranhão (MA)";"Total";"71,80"
"Santo Amaro do Maranhão (MA)";"Total";"82,32"
"Santo Antônio dos Lopes (MA)";"Total";"76,92"
"São Benedito do Rio Preto (MA)";"Total";"79,04"
"São Bento (MA)";"Total";"84,23"
"São Bernardo (MA)";"Total";"77,54"
"São Domingos do Azeitão (MA)";"Total";"79,36"
"São Domingos do Maranhão (MA)";"Total";"78,91"
"São Félix de Balsas (MA)";"Total";"77,44"
"São Francisco do Brejão (MA)";"Total";"80,98"
"São Francisco do Maranhão (MA)";"Total";"74,84"
"São João Batista (MA)";"Total";"81,74"
"São João do Carú (MA)";"Total";"71,79"
"São João do Paraíso (MA)";"Total";"86,65"
"São João do Soter (MA)";"Total";"72,85"
"São João dos Patos (MA)";"Total";"83,23"
"São José de Ribamar (MA)";"Total";"95,16"
"São José dos Basílios (MA)";"Total";"75,30"
"São Luís (MA)";"Total";"96,01"
"São Luís Gonzaga do Maranhão (MA)";"Total";"73,30"
"São Mateus do Maranhão (MA)";"Total";"78,47"
"São Pedro da Água Branca (MA)";"Total";"80,54"
"São Pedro dos Crentes (MA)";"Total";"91,07"
"São Raimundo das Mangabeiras (MA)";"Total";"86,22"
"São Raimundo do Doca Bezerra (MA)";"Total";"77,63"
"São Roberto (MA)";"Total";"74,69"
"São Vicente Ferrer (MA)";"Total";"78,72"
"Satubinha (MA)";"Total";"74,43"
"Senador Alexandre Costa (MA)";"Total";"75,07"
"Senador La Rocque (MA)";"Total";"79,92"
"Serrano do Maranhão (MA)";"Total";"79,30"
"Sítio Novo (MA)";"Total";"82,99"
"Sucupira do Norte (MA)";"Total";"80,06"
"Sucupira do Riachão (MA)";"Total";"76,19"
"Tasso Fragoso (MA)";"Total";"86,72"
"Timbiras (MA)";"Total";"71,20"
"Timon (MA)";"Total";"88,32"
"Trizidela do Vale (MA)";"Total";"83,31"
"Tufilândia (MA)";"Total";"76,32"
"Tuntum (MA)";"Total";"78,11"
"Turiaçu (MA)";"Total";"84,28"
"Turilândia (MA)";"Total";"82,45"
"Tutóia (MA)";"Total";"77,66"
"Urbano Santos (MA)";"Total";"78,53"
"Vargem Grande (MA)";"Total";"77,57"
"Viana (MA)";"Total";"86,21"
"Vila Nova dos Martírios (MA)";"Total";"79,29"
"Vitória do Mearim (MA)";"Total";"81,39"
"Vitorino Freire (MA)";"Total";"76,60"
"Zé Doca (MA)";"Total";"80,77"
"Acauã (PI)";"Total";"83,11"
"Agricolândia (PI)";"Total";"78,97"
"Água Branca (PI)";"Total";"84,94"
"Alagoinha do Piauí (PI)";"Total";"66,39"
"Alegrete do Piauí (PI)";"Total";"70,79"
"Alto Longá (PI)";"Total";"71,75"
"Altos (PI)";"Total";"83,02"
"Alvorada do Gurguéia (PI)";"Total";"82,52"
"Amarante (PI)";"Total";"77,91"
"Angical do Piauí (PI)";"Total";"81,85"
"Anísio de Abreu (PI)";"Total";"77,16"
"Antônio Almeida (PI)";"Total";"83,05"
"Aroazes (PI)";"Total";"75,91"
"Aroeiras do Itaim (PI)";"Total";"65,37"
"Arraial (PI)";"Total";"76,25"
"Assunção do Piauí (PI)";"Total";"68,70"
"Avelino Lopes (PI)";"Total";"81,10"
"Baixa Grande do Ribeiro (PI)";"Total";"85,09"
"Barra D'Alcântara (PI)";"Total";"78,09"
"Barras (PI)";"Total";"75,04"
"Barreiras do Piauí (PI)";"Total";"83,83"
"Barro Duro (PI)";"Total";"76,64"
"Batalha (PI)";"Total";"74,75"
"Bela Vista do Piauí (PI)";"Total";"84,28"
"Belém do Piauí (PI)";"Total";"70,68"
"Beneditinos (PI)";"Total";"73,81"
"Bertolínia (PI)";"Total";"83,36"
"Betânia do Piauí (PI)";"Total";"71,36"
"Boa Hora (PI)";"Total";"71,66"
"Bocaina (PI)";"Total";"82,47"
"Bom Jesus (PI)";"Total";"88,10"
"Bom Princípio do Piauí (PI)";"Total";"77,32"
"Bonfim do Piauí (PI)";"Total";"70,53"
"Boqueirão do Piauí (PI)";"Total";"78,43"
"Brasileira (PI)";"Total";"75,24"
"Brejo do Piauí (PI)";"Total";"74,17"
"Buriti dos Lopes (PI)";"Total";"76,54"
"Buriti dos Montes (PI)";"Total";"76,57"
"Cabeceiras do Piauí (PI)";"Total";"73,21"
"Cajazeiras do Piauí (PI)";"Total";"80,96"
"Cajueiro da Praia (PI)";"Total";"80,86"
"Caldeirão Grande do Piauí (PI)";"Total";"74,03"
"Campinas do Piauí (PI)";"Total";"77,40"
"Campo Alegre do Fidalgo (PI)";"Total";"69,65"
"Campo Grande do Piauí (PI)";"Total";"74,45"
"Campo Largo do Piauí (PI)";"Total";"71,80"
"Campo Maior (PI)";"Total";"84,11"
"Canavieira (PI)";"Total";"79,53"
"Canto do Buriti (PI)";"Total";"78,63"
"Capitão de Campos (PI)";"Total";"77,06"
"Capitão Gervásio Oliveira (PI)";"Total";"76,49"
"Caracol (PI)";"Total";"70,49"
"Caraúbas do Piauí (PI)";"Total";"68,74"
"Caridade do Piauí (PI)";"Total";"75,15"
"Castelo do Piauí (PI)";"Total";"76,96"
"Caxingó (PI)";"Total";"70,40"
"Cocal (PI)";"Total";"73,29"
"Cocal de Telha (PI)";"Total";"75,37"
"Cocal dos Alves (PI)";"Total";"69,24"
"Coivaras (PI)";"Total";"77,95"
"Colônia do Gurguéia (PI)";"Total";"83,69"
"Colônia do Piauí (PI)";"Total";"74,89"
"Conceição do Canindé (PI)";"Total";"77,35"
"Coronel José Dias (PI)";"Total";"75,22"
"Corrente (PI)";"Total";"86,72"
"Cristalândia do Piauí (PI)";"Total";"79,27"
"Cristino Castro (PI)";"Total";"82,02"
"Curimatá (PI)";"Total";"87,41"
"Currais (PI)";"Total";"79,39"
"Curralinhos (PI)";"Total";"78,62"
"Curral Novo do Piauí (PI)";"Total";"73,78"
"Demerval Lobão (PI)";"Total";"85,44"
"Dirceu Arcoverde (PI)";"Total";"76,19"
"Dom Expedito Lopes (PI)";"Total";"81,03"
"Domingos Mourão (PI)";"Total";"76,45"
"Dom Inocêncio (PI)";"Total";"80,71"
"Elesbão Veloso (PI)";"Total";"75,14"
"Eliseu Martins (PI)";"Total";"80,56"
"Esperantina (PI)";"Total";"78,04"
"Fartura do Piauí (PI)";"Total";"74,23"
"Flores do Piauí (PI)";"Total";"74,15"
"Floresta do Piauí (PI)";"Total";"65,32"
"Floriano (PI)";"Total";"89,80"
"Francinópolis (PI)";"Total";"70,96"
"Francisco Ayres (PI)";"Total";"73,82"
"Francisco Macedo (PI)";"Total";"72,66"
"Francisco Santos (PI)";"Total";"77,49"
"Fronteiras (PI)";"Total";"76,33"
"Geminiano (PI)";"Total";"73,37"
"Gilbués (PI)";"Total";"82,65"
"Guadalupe (PI)";"Total";"86,56"
"Guaribas (PI)";"Total";"73,39"
"Hugo Napoleão (PI)";"Total";"74,28"
"Ilha Grande (PI)";"Total";"80,17"
"Inhuma (PI)";"Total";"76,73"
"Ipiranga do Piauí (PI)";"Total";"81,87"
"Isaías Coelho (PI)";"Total";"72,33"
"Itainópolis (PI)";"Total";"71,56"
"Itaueira (PI)";"Total";"78,78"
"Jacobina do Piauí (PI)";"Total";"71,82"
"Jaicós (PI)";"Total";"68,92"
"Jardim do Mulato (PI)";"Total";"72,70"
"Jatobá do Piauí (PI)";"Total";"76,04"
"Jerumenha (PI)";"Total";"80,84"
"João Costa (PI)";"Total";"77,11"
"Joaquim Pires (PI)";"Total";"73,31"
"Joca Marques (PI)";"Total";"69,18"
"José de Freitas (PI)";"Total";"81,10"
"Juazeiro do Piauí (PI)";"Total";"77,51"
"Júlio Borges (PI)";"Total";"86,60"
"Jurema (PI)";"Total";"71,90"
"Lagoinha do Piauí (PI)";"Total";"79,92"
"Lagoa Alegre (PI)";"Total";"77,46"
"Lagoa do Barro do Piauí (PI)";"Total";"78,92"
"Lagoa de São Francisco (PI)";"Total";"75,88"
"Lagoa do Piauí (PI)";"Total";"82,26"
"Lagoa do Sítio (PI)";"Total";"69,09"
"Landri Sales (PI)";"Total";"83,09"
"Luís Correia (PI)";"Total";"77,58"
"Luzilândia (PI)";"Total";"74,29"
"Madeiro (PI)";"Total";"74,32"
"Manoel Emídio (PI)";"Total";"80,57"
"Marcolândia (PI)";"Total";"77,05"
"Marcos Parente (PI)";"Total";"82,69"
"Massapê do Piauí (PI)";"Total";"65,70"
"Matias Olímpio (PI)";"Total";"74,13"
"Miguel Alves (PI)";"Total";"70,57"
"Miguel Leão (PI)";"Total";"79,21"
"Milton Brandão (PI)";"Total";"69,89"
"Monsenhor Gil (PI)";"Total";"81,93"
"Monsenhor Hipólito (PI)";"Total";"73,13"
"Monte Alegre do Piauí (PI)";"Total";"80,93"
"Morro Cabeça no Tempo (PI)";"Total";"80,78"
"Morro do Chapéu do Piauí (PI)";"Total";"72,26"
"Murici dos Portelas (PI)";"Total";"69,75"
"Nazaré do Piauí (PI)";"Total";"76,21"
"Nazária (PI)";"Total";"76,42"
"Nossa Senhora de Nazaré (PI)";"Total";"77,85"
"Nossa Senhora dos Remédios (PI)";"Total";"73,19"
"Novo Oriente do Piauí (PI)";"Total";"74,93"
"Novo Santo Antônio (PI)";"Total";"70,86"
"Oeiras (PI)";"Total";"82,67"
"Olho D'Água do Piauí (PI)";"Total";"77,92"
"Padre Marcos (PI)";"Total";"65,99"
"Paes Landim (PI)";"Total";"80,42"
"Pajeú do Piauí (PI)";"Total";"76,64"
"Palmeira do Piauí (PI)";"Total";"80,74"
"Palmeirais (PI)";"Total";"75,80"
"Paquetá (PI)";"Total";"65,72"
"Parnaguá (PI)";"Total";"82,97"
"Parnaíba (PI)";"Total";"88,26"
"Passagem Franca do Piauí (PI)";"Total";"74,49"
"Patos do Piauí (PI)";"Total";"69,53"
"Pau D'Arco do Piauí (PI)";"Total";"74,21"
"Paulistana (PI)";"Total";"77,19"
"Pavussu (PI)";"Total";"71,07"
"Pedro II (PI)";"Total";"75,19"
"Pedro Laurentino (PI)";"Total";"80,25"
"Nova Santa Rita (PI)";"Total";"77,28"
"Picos (PI)";"Total";"86,29"
"Pimenteiras (PI)";"Total";"72,13"
"Pio IX (PI)";"Total";"75,22"
"Piracuruca (PI)";"Total";"76,74"
"Piripiri (PI)";"Total";"80,82"
"Porto (PI)";"Total";"74,64"
"Porto Alegre do Piauí (PI)";"Total";"79,51"
"Prata do Piauí (PI)";"Total";"73,84"
"Queimada Nova (PI)";"Total";"79,28"
"Redenção do Gurguéia (PI)";"Total";"82,07"
"Regeneração (PI)";"Total";"74,82"
"Riacho Frio (PI)";"Total";"83,49"
"Ribeira do Piauí (PI)";"Total";"72,86"
"Ribeiro Gonçalves (PI)";"Total";"83,29"
"Rio Grande do Piauí (PI)";"Total";"77,87"
"Santa Cruz do Piauí (PI)";"Total";"76,11"
"Santa Cruz dos Milagres (PI)";"Total";"76,77"
"Santa Filomena (PI)";"Total";"82,18"
"Santa Luz (PI)";"Total";"81,73"
"Santana do Piauí (PI)";"Total";"73,25"
"Santa Rosa do Piauí (PI)";"Total";"76,17"
"Santo Antônio de Lisboa (PI)";"Total";"78,85"
"Santo Antônio dos Milagres (PI)";"Total";"78,04"
"Santo Inácio do Piauí (PI)";"Total";"75,64"
"São Braz do Piauí (PI)";"Total";"77,18"
"São Félix do Piauí (PI)";"Total";"77,91"
"São Francisco de Assis do Piauí (PI)";"Total";"74,37"
"São Francisco do Piauí (PI)";"Total";"72,99"
"São Gonçalo do Gurguéia (PI)";"Total";"82,11"
"São Gonçalo do Piauí (PI)";"Total";"79,20"
"São João da Canabrava (PI)";"Total";"75,21"
"São João da Fronteira (PI)";"Total";"73,19"
"São João da Serra (PI)";"Total";"71,77"
"São João da Varjota (PI)";"Total";"72,33"
"São João do Arraial (PI)";"Total";"76,95"
"São João do Piauí (PI)";"Total";"82,99"
"São José do Divino (PI)";"Total";"69,87"
"São José do Peixe (PI)";"Total";"79,69"
"São José do Piauí (PI)";"Total";"72,57"
"São Julião (PI)";"Total";"72,34"
"São Lourenço do Piauí (PI)";"Total";"83,69"
"São Luis do Piauí (PI)";"Total";"73,55"
"São Miguel da Baixa Grande (PI)";"Total";"70,82"
"São Miguel do Fidalgo (PI)";"Total";"77,30"
"São Miguel do Tapuio (PI)";"Total";"71,42"
"São Pedro do Piauí (PI)";"Total";"76,66"
"São Raimundo Nonato (PI)";"Total";"85,82"
"Sebastião Barros (PI)";"Total";"81,08"
"Sebastião Leal (PI)";"Total";"79,18"
"Sigefredo Pacheco (PI)";"Total";"72,81"
"Simões (PI)";"Total";"76,78"
"Simplício Mendes (PI)";"Total";"83,53"
"Socorro do Piauí (PI)";"Total";"78,55"
"Sussuapara (PI)";"Total";"77,70"
"Tamboril do Piauí (PI)";"Total";"73,75"
"Tanque do Piauí (PI)";"Total";"81,07"
"Teresina (PI)";"Total";"92,88"
"União (PI)";"Total";"77,02"
"Uruçuí (PI)";"Total";"86,70"
"Valença do Piauí (PI)";"Total";"81,96"
"Várzea Branca (PI)";"Total";"73,50"
"Várzea Grande (PI)";"Total";"78,27"
"Vera Mendes (PI)";"Total";"68,31"
"Vila Nova do Piauí (PI)";"Total";"73,10"
"Wall Ferraz (PI)";"Total";"71,13"
"Abaiara (CE)";"Total";"76,84"
"Acarape (CE)";"Total";"84,03"
"Acaraú (CE)";"Total";"78,75"
"Acopiara (CE)";"Total";"72,73"
"Aiuaba (CE)";"Total";"71,66"
"Alcântaras (CE)";"Total";"80,48"
"Altaneira (CE)";"Total";"77,10"
"Alto Santo (CE)";"Total";"79,67"
"Amontada (CE)";"Total";"80,23"
"Antonina do Norte (CE)";"Total";"73,35"
"Apuiarés (CE)";"Total";"79,72"
"Aquiraz (CE)";"Total";"86,13"
"Aracati (CE)";"Total";"84,66"
"Aracoiaba (CE)";"Total";"76,89"
"Ararendá (CE)";"Total";"77,29"
"Araripe (CE)";"Total";"73,17"
"Aratuba (CE)";"Total";"82,79"
"Arneiroz (CE)";"Total";"75,89"
"Assaré (CE)";"Total";"74,37"
"Aurora (CE)";"Total";"77,55"
"Baixio (CE)";"Total";"78,77"
"Banabuiú (CE)";"Total";"76,20"
"Barbalha (CE)";"Total";"87,61"
"Barreira (CE)";"Total";"79,95"
"Barro (CE)";"Total";"79,30"
"Barroquinha (CE)";"Total";"72,21"
"Baturité (CE)";"Total";"83,61"
"Beberibe (CE)";"Total";"80,03"
"Bela Cruz (CE)";"Total";"80,62"
"Boa Viagem (CE)";"Total";"75,66"
"Brejo Santo (CE)";"Total";"83,98"
"Camocim (CE)";"Total";"81,03"
"Campos Sales (CE)";"Total";"77,35"
"Canindé (CE)";"Total";"80,76"
"Capistrano (CE)";"Total";"79,61"
"Caridade (CE)";"Total";"77,47"
"Cariré (CE)";"Total";"77,00"
"Caririaçu (CE)";"Total";"76,89"
"Cariús (CE)";"Total";"74,64"
"Carnaubal (CE)";"Total";"78,46"
"Cascavel (CE)";"Total";"83,86"
"Catarina (CE)";"Total";"73,74"
"Catunda (CE)";"Total";"77,13"
"Caucaia (CE)";"Total";"91,58"
"Cedro (CE)";"Total";"77,87"
"Chaval (CE)";"Total";"75,42"
"Choró (CE)";"Total";"75,02"
"Chorozinho (CE)";"Total";"79,58"
"Coreaú (CE)";"Total";"74,01"
"Crateús (CE)";"Total";"82,12"
"Crato (CE)";"Total";"88,40"
"Croatá (CE)";"Total";"73,58"
"Cruz (CE)";"Total";"84,76"
"Deputado Irapuan Pinheiro (CE)";"Total";"73,38"
"Ereré (CE)";"Total";"75,90"
"Eusébio (CE)";"Total";"94,11"
"Farias Brito (CE)";"Total";"75,11"
"Forquilha (CE)";"Total";"81,90"
"Fortaleza (CE)";"Total";"94,38"
"Fortim (CE)";"Total";"80,93"
"Frecheirinha (CE)";"Total";"76,91"
"General Sampaio (CE)";"Total";"75,28"
"Graça (CE)";"Total";"73,55"
"Granja (CE)";"Total";"71,01"
"Granjeiro (CE)";"Total";"76,94"
"Groaíras (CE)";"Total";"79,76"
"Guaiúba (CE)";"Total";"82,38"
"Guaraciaba do Norte (CE)";"Total";"78,87"
"Guaramiranga (CE)";"Total";"78,63"
"Hidrolândia (CE)";"Total";"78,71"
"Horizonte (CE)";"Total";"88,61"
"Ibaretama (CE)";"Total";"73,72"
"Ibiapina (CE)";"Total";"80,60"
"Ibicuitinga (CE)";"Total";"75,63"
"Icapuí (CE)";"Total";"81,95"
"Icó (CE)";"Total";"74,10"
"Iguatu (CE)";"Total";"82,99"
"Independência (CE)";"Total";"76,64"
"Ipaporanga (CE)";"Total";"76,56"
"Ipaumirim (CE)";"Total";"80,75"
"Ipu (CE)";"Total";"79,09"
"Ipueiras (CE)";"Total";"75,31"
"Iracema (CE)";"Total";"78,35"
"Irauçuba (CE)";"Total";"79,91"
"Itaiçaba (CE)";"Total";"81,61"
"Itaitinga (CE)";"Total";"89,79"
"Itapajé (CE)";"Total";"81,66"
"Itapipoca (CE)";"Total";"85,00"
"Itapiúna (CE)";"Total";"75,28"
"Itarema (CE)";"Total";"81,74"
"Itatira (CE)";"Total";"75,45"
"Jaguaretama (CE)";"Total";"76,71"
"Jaguaribara (CE)";"Total";"79,90"
"Jaguaribe (CE)";"Total";"81,79"
"Jaguaruana (CE)";"Total";"77,71"
"Jardim (CE)";"Total";"78,99"
"Jati (CE)";"Total";"78,49"
"Jijoca de Jericoacoara (CE)";"Total";"85,74"
"Juazeiro do Norte (CE)";"Total";"89,11"
"Jucás (CE)";"Total";"75,77"
"Lavras da Mangabeira (CE)";"Total";"78,65"
"Limoeiro do Norte (CE)";"Total";"85,72"
"Madalena (CE)";"Total";"79,09"
"Maracanaú (CE)";"Total";"92,79"
"Maranguape (CE)";"Total";"89,16"
"Marco (CE)";"Total";"82,85"
"Martinópole (CE)";"Total";"78,14"
"Massapê (CE)";"Total";"78,08"
"Mauriti (CE)";"Total";"75,85"
"Meruoca (CE)";"Total";"83,60"
"Milagres (CE)";"Total";"78,89"
"Milhã (CE)";"Total";"81,33"
"Miraíma (CE)";"Total";"78,27"
"Missão Velha (CE)";"Total";"79,44"
"Mombaça (CE)";"Total";"73,43"
"Monsenhor Tabosa (CE)";"Total";"78,63"
"Morada Nova (CE)";"Total";"79,17"
"Moraújo (CE)";"Total";"77,48"
"Morrinhos (CE)";"Total";"78,09"
"Mucambo (CE)";"Total";"75,97"
"Mulungu (CE)";"Total";"84,49"
"Nova Olinda (CE)";"Total";"83,64"
"Nova Russas (CE)";"Total";"79,25"
"Novo Oriente (CE)";"Total";"72,93"
"Ocara (CE)";"Total";"75,94"
"Orós (CE)";"Total";"77,29"
"Pacajus (CE)";"Total";"86,12"
"Pacatuba (CE)";"Total";"91,37"
"Pacoti (CE)";"Total";"83,70"
"Pacujá (CE)";"Total";"79,23"
"Palhano (CE)";"Total";"77,78"
"Palmácia (CE)";"Total";"82,22"
"Paracuru (CE)";"Total";"85,71"
"Paraipaba (CE)";"Total";"85,80"
"Parambu (CE)";"Total";"74,11"
"Paramoti (CE)";"Total";"78,25"
"Pedra Branca (CE)";"Total";"76,49"
"Penaforte (CE)";"Total";"84,68"
"Pentecoste (CE)";"Total";"81,94"
"Pereiro (CE)";"Total";"79,47"
"Pindoretama (CE)";"Total";"84,15"
"Piquet Carneiro (CE)";"Total";"80,32"
"Pires Ferreira (CE)";"Total";"77,14"
"Poranga (CE)";"Total";"77,50"
"Porteiras (CE)";"Total";"78,90"
"Potengi (CE)";"Total";"74,05"
"Potiretama (CE)";"Total";"77,15"
"Quiterianópolis (CE)";"Total";"74,47"
"Quixadá (CE)";"Total";"82,59"
"Quixelô (CE)";"Total";"70,88"
"Quixeramobim (CE)";"Total";"82,23"
"Quixeré (CE)";"Total";"78,35"
"Redenção (CE)";"Total";"83,00"
"Reriutaba (CE)";"Total";"78,27"
"Russas (CE)";"Total";"84,55"
"Saboeiro (CE)";"Total";"72,30"
"Salitre (CE)";"Total";"71,85"
"Santana do Acaraú (CE)";"Total";"76,53"
"Santana do Cariri (CE)";"Total";"77,19"
"Santa Quitéria (CE)";"Total";"78,86"
"São Benedito (CE)";"Total";"79,81"
"São Gonçalo do Amarante (CE)";"Total";"87,73"
"São João do Jaguaribe (CE)";"Total";"79,66"
"São Luís do Curu (CE)";"Total";"83,20"
"Senador Pompeu (CE)";"Total";"78,63"
"Senador Sá (CE)";"Total";"74,96"
"Sobral (CE)";"Total";"87,12"
"Solonópole (CE)";"Total";"78,32"
"Tabuleiro do Norte (CE)";"Total";"81,17"
"Tamboril (CE)";"Total";"74,90"
"Tarrafas (CE)";"Total";"73,31"
"Tauá (CE)";"Total";"79,39"
"Tejuçuoca (CE)";"Total";"76,64"
"Tianguá (CE)";"Total";"83,25"
"Trairi (CE)";"Total";"81,51"
"Tururu (CE)";"Total";"78,30"
"Ubajara (CE)";"Total";"81,97"
"Umari (CE)";"Total";"76,24"
"Umirim (CE)";"Total";"78,72"
"Uruburetama (CE)";"Total";"81,99"
"Uruoca (CE)";"Total";"75,11"
"Varjota (CE)";"Total";"80,24"
"Várzea Alegre (CE)";"Total";"78,45"
"Viçosa do Ceará (CE)";"Total";"77,10"
"Acari (RN)";"Total";"86,81"
"Açu (RN)";"Total";"82,33"
"Afonso Bezerra (RN)";"Total";"77,37"
"Água Nova (RN)";"Total";"79,08"
"Alexandria (RN)";"Total";"77,58"
"Almino Afonso (RN)";"Total";"78,46"
"Alto do Rodrigues (RN)";"Total";"83,87"
"Angicos (RN)";"Total";"80,71"
"Antônio Martins (RN)";"Total";"78,17"
"Apodi (RN)";"Total";"79,54"
"Areia Branca (RN)";"Total";"87,91"
"Arês (RN)";"Total";"79,03"
"Campo Grande (RN)";"Total";"76,35"
"Baía Formosa (RN)";"Total";"82,88"
"Baraúna (RN)";"Total";"79,42"
"Barcelona (RN)";"Total";"78,66"
"Bento Fernandes (RN)";"Total";"78,92"
"Bodó (RN)";"Total";"78,92"
"Bom Jesus (RN)";"Total";"79,41"
"Brejinho (RN)";"Total";"78,90"
"Caiçara do Norte (RN)";"Total";"82,36"
"Caiçara do Rio do Vento (RN)";"Total";"79,17"
"Caicó (RN)";"Total";"88,92"
"Campo Redondo (RN)";"Total";"82,43"
"Canguaretama (RN)";"Total";"80,65"
"Caraúbas (RN)";"Total";"80,14"
"Carnaúba dos Dantas (RN)";"Total";"88,71"
"Carnaubais (RN)";"Total";"80,26"
"Ceará-Mirim (RN)";"Total";"84,02"
"Cerro Corá (RN)";"Total";"78,67"
"Coronel Ezequiel (RN)";"Total";"77,07"
"Coronel João Pessoa (RN)";"Total";"72,69"
"Cruzeta (RN)";"Total";"84,32"
"Currais Novos (RN)";"Total";"86,43"
"Doutor Severiano (RN)";"Total";"77,91"
"Parnamirim (RN)";"Total";"94,91"
"Encanto (RN)";"Total";"81,19"
"Equador (RN)";"Total";"82,10"
"Espírito Santo (RN)";"Total";"72,71"
"Extremoz (RN)";"Total";"91,38"
"Felipe Guerra (RN)";"Total";"82,62"
"Fernando Pedroza (RN)";"Total";"76,68"
"Florânia (RN)";"Total";"83,48"
"Francisco Dantas (RN)";"Total";"78,10"
"Frutuoso Gomes (RN)";"Total";"79,77"
"Galinhos (RN)";"Total";"78,40"
"Goianinha (RN)";"Total";"84,51"
"Governador Dix-Sept Rosado (RN)";"Total";"80,62"
"Grossos (RN)";"Total";"82,24"
"Guamaré (RN)";"Total";"83,96"
"Ielmo Marinho (RN)";"Total";"74,81"
"Ipanguaçu (RN)";"Total";"77,77"
"Ipueira (RN)";"Total";"86,53"
"Itajá (RN)";"Total";"80,76"
"Itaú (RN)";"Total";"80,31"
"Jaçanã (RN)";"Total";"79,82"
"Jandaíra (RN)";"Total";"77,20"
"Janduís (RN)";"Total";"77,28"
"Januário Cicco (RN)";"Total";"72,17"
"Japi (RN)";"Total";"75,38"
"Jardim de Angicos (RN)";"Total";"78,59"
"Jardim de Piranhas (RN)";"Total";"80,34"
"Jardim do Seridó (RN)";"Total";"83,93"
"João Câmara (RN)";"Total";"79,85"
"João Dias (RN)";"Total";"77,94"
"José da Penha (RN)";"Total";"77,13"
"Jucurutu (RN)";"Total";"76,40"
"Jundiá (RN)";"Total";"75,47"
"Lagoa d'Anta (RN)";"Total";"75,62"
"Lagoa de Pedras (RN)";"Total";"70,97"
"Lagoa de Velhos (RN)";"Total";"81,23"
"Lagoa Nova (RN)";"Total";"80,58"
"Lagoa Salgada (RN)";"Total";"74,91"
"Lajes (RN)";"Total";"81,81"
"Lajes Pintadas (RN)";"Total";"78,35"
"Lucrécia (RN)";"Total";"82,49"
"Luís Gomes (RN)";"Total";"78,21"
"Macaíba (RN)";"Total";"84,59"
"Macau (RN)";"Total";"85,08"
"Major Sales (RN)";"Total";"78,40"
"Marcelino Vieira (RN)";"Total";"74,46"
"Martins (RN)";"Total";"84,63"
"Maxaranguape (RN)";"Total";"81,59"
"Messias Targino (RN)";"Total";"75,88"
"Montanhas (RN)";"Total";"77,89"
"Monte Alegre (RN)";"Total";"79,38"
"Monte das Gameleiras (RN)";"Total";"77,86"
"Mossoró (RN)";"Total";"89,96"
"Natal (RN)";"Total";"93,36"
"Nísia Floresta (RN)";"Total";"85,91"
"Nova Cruz (RN)";"Total";"76,47"
"Olho d'Água do Borges (RN)";"Total";"74,85"
"Ouro Branco (RN)";"Total";"83,92"
"Paraná (RN)";"Total";"75,99"
"Paraú (RN)";"Total";"76,81"
"Parazinho (RN)";"Total";"76,88"
"Parelhas (RN)";"Total";"87,63"
"Rio do Fogo (RN)";"Total";"80,88"
"Passa e Fica (RN)";"Total";"77,74"
"Passagem (RN)";"Total";"78,91"
"Patu (RN)";"Total";"78,92"
"Santa Maria (RN)";"Total";"78,76"
"Pau dos Ferros (RN)";"Total";"87,04"
"Pedra Grande (RN)";"Total";"76,65"
"Pedra Preta (RN)";"Total";"75,40"
"Pedro Avelino (RN)";"Total";"75,57"
"Pedro Velho (RN)";"Total";"78,06"
"Pendências (RN)";"Total";"82,48"
"Pilões (RN)";"Total";"78,69"
"Poço Branco (RN)";"Total";"76,94"
"Portalegre (RN)";"Total";"81,03"
"Porto do Mangue (RN)";"Total";"76,11"
"Serra Caiada (RN)";"Total";"76,17"
"Pureza (RN)";"Total";"77,61"
"Rafael Fernandes (RN)";"Total";"80,76"
"Rafael Godeiro (RN)";"Total";"80,21"
"Riacho da Cruz (RN)";"Total";"74,40"
"Riacho de Santana (RN)";"Total";"79,67"
"Riachuelo (RN)";"Total";"79,50"
"Rodolfo Fernandes (RN)";"Total";"77,61"
"Tibau (RN)";"Total";"86,67"
"Ruy Barbosa (RN)";"Total";"77,53"
"Santa Cruz (RN)";"Total";"81,72"
"Santana do Matos (RN)";"Total";"74,36"
"Santana do Seridó (RN)";"Total";"86,09"
"Santo Antônio (RN)";"Total";"76,85"
"São Bento do Norte (RN)";"Total";"80,63"
"São Bento do Trairí (RN)";"Total";"76,12"
"São Fernando (RN)";"Total";"78,96"
"São Francisco do Oeste (RN)";"Total";"78,37"
"São Gonçalo do Amarante (RN)";"Total";"89,82"
"São João do Sabugi (RN)";"Total";"85,02"
"São José de Mipibu (RN)";"Total";"83,61"
"São José do Campestre (RN)";"Total";"77,50"
"São José do Seridó (RN)";"Total";"88,88"
"São Miguel (RN)";"Total";"76,13"
"São Miguel do Gostoso (RN)";"Total";"80,87"
"São Paulo do Potengi (RN)";"Total";"81,12"
"São Pedro (RN)";"Total";"79,28"
"São Rafael (RN)";"Total";"78,50"
"São Tomé (RN)";"Total";"77,75"
"São Vicente (RN)";"Total";"82,88"
"Senador Elói de Souza (RN)";"Total";"75,07"
"Senador Georgino Avelino (RN)";"Total";"82,15"
"Serra de São Bento (RN)";"Total";"72,96"
"Serra do Mel (RN)";"Total";"81,58"
"Serra Negra do Norte (RN)";"Total";"78,85"
"Serrinha (RN)";"Total";"74,03"
"Serrinha dos Pintos (RN)";"Total";"79,38"
"Severiano Melo (RN)";"Total";"78,12"
"Sítio Novo (RN)";"Total";"76,05"
"Taboleiro Grande (RN)";"Total";"83,19"
"Taipu (RN)";"Total";"74,57"
"Tangará (RN)";"Total";"79,61"
"Tenente Ananias (RN)";"Total";"77,85"
"Tenente Laurentino Cruz (RN)";"Total";"81,76"
"Tibau do Sul (RN)";"Total";"88,14"
"Timbaúba dos Batistas (RN)";"Total";"82,97"
"Touros (RN)";"Total";"77,92"
"Triunfo Potiguar (RN)";"Total";"74,69"
"Umarizal (RN)";"Total";"82,12"
"Upanema (RN)";"Total";"77,77"
"Várzea (RN)";"Total";"76,85"
"Venha-Ver (RN)";"Total";"70,81"
"Vera Cruz (RN)";"Total";"76,60"
"Viçosa (RN)";"Total";"80,75"
"Vila Flor (RN)";"Total";"79,54"
"Água Branca (PB)";"Total";"81,32"
"Aguiar (PB)";"Total";"69,50"
"Alagoa Grande (PB)";"Total";"72,55"
"Alagoa Nova (PB)";"Total";"78,21"
"Alagoinha (PB)";"Total";"73,45"
"Alcantil (PB)";"Total";"80,22"
"Algodão de Jandaíra (PB)";"Total";"70,37"
"Alhandra (PB)";"Total";"82,42"
"São João do Rio do Peixe (PB)";"Total";"78,60"
"Amparo (PB)";"Total";"80,06"
"Aparecida (PB)";"Total";"77,00"
"Araçagi (PB)";"Total";"71,51"
"Arara (PB)";"Total";"72,46"
"Araruna (PB)";"Total";"70,00"
"Areia (PB)";"Total";"78,23"
"Areia de Baraúnas (PB)";"Total";"76,31"
"Areial (PB)";"Total";"81,62"
"Aroeiras (PB)";"Total";"73,75"
"Assunção (PB)";"Total";"81,01"
"Baía da Traição (PB)";"Total";"82,28"
"Bananeiras (PB)";"Total";"75,04"
"Baraúna (PB)";"Total";"77,01"
"Barra de Santana (PB)";"Total";"75,13"
"Barra de Santa Rosa (PB)";"Total";"72,43"
"Barra de São Miguel (PB)";"Total";"79,52"
"Bayeux (PB)";"Total";"87,22"
"Belém (PB)";"Total";"75,74"
"Belém do Brejo do Cruz (PB)";"Total";"71,36"
"Bernardino Batista (PB)";"Total";"75,63"
"Boa Ventura (PB)";"Total";"75,78"
"Boa Vista (PB)";"Total";"87,19"
"Bom Jesus (PB)";"Total";"78,81"
"Bom Sucesso (PB)";"Total";"74,83"
"Bonito de Santa Fé (PB)";"Total";"79,43"
"Boqueirão (PB)";"Total";"81,56"
"Igaracy (PB)";"Total";"75,30"
"Borborema (PB)";"Total";"75,64"
"Brejo do Cruz (PB)";"Total";"76,92"
"Brejo dos Santos (PB)";"Total";"79,54"
"Caaporã (PB)";"Total";"81,43"
"Cabaceiras (PB)";"Total";"90,71"
"Cabedelo (PB)";"Total";"91,48"
"Cachoeira dos Índios (PB)";"Total";"78,20"
"Cacimba de Areia (PB)";"Total";"79,84"
"Cacimba de Dentro (PB)";"Total";"70,05"
"Cacimbas (PB)";"Total";"75,26"
"Caiçara (PB)";"Total";"75,03"
"Cajazeiras (PB)";"Total";"86,28"
"Cajazeirinhas (PB)";"Total";"71,19"
"Caldas Brandão (PB)";"Total";"73,66"
"Camalaú (PB)";"Total";"76,37"
"Campina Grande (PB)";"Total";"91,97"
"Capim (PB)";"Total";"71,53"
"Caraúbas (PB)";"Total";"80,62"
"Carrapateira (PB)";"Total";"78,50"
"Casserengue (PB)";"Total";"67,96"
"Catingueira (PB)";"Total";"74,50"
"Catolé do Rocha (PB)";"Total";"83,35"
"Caturité (PB)";"Total";"83,64"
"Conceição (PB)";"Total";"73,43"
"Condado (PB)";"Total";"77,83"
"Conde (PB)";"Total";"84,09"
"Congo (PB)";"Total";"77,63"
"Coremas (PB)";"Total";"74,24"
"Coxixola (PB)";"Total";"82,96"
"Cruz do Espírito Santo (PB)";"Total";"73,76"
"Cubati (PB)";"Total";"80,58"
"Cuité (PB)";"Total";"77,13"
"Cuitegi (PB)";"Total";"75,70"
"Cuité de Mamanguape (PB)";"Total";"69,40"
"Curral de Cima (PB)";"Total";"68,60"
"Curral Velho (PB)";"Total";"77,18"
"Damião (PB)";"Total";"67,27"
"Desterro (PB)";"Total";"79,97"
"Vista Serrana (PB)";"Total";"79,09"
"Diamante (PB)";"Total";"75,10"
"Dona Inês (PB)";"Total";"71,87"
"Duas Estradas (PB)";"Total";"79,38"
"Emas (PB)";"Total";"73,96"
"Esperança (PB)";"Total";"81,84"
"Fagundes (PB)";"Total";"74,81"
"Frei Martinho (PB)";"Total";"81,83"
"Gado Bravo (PB)";"Total";"74,85"
"Guarabira (PB)";"Total";"85,25"
"Gurinhém (PB)";"Total";"70,92"
"Gurjão (PB)";"Total";"83,48"
"Ibiara (PB)";"Total";"70,06"
"Imaculada (PB)";"Total";"78,72"
"Ingá (PB)";"Total";"74,79"
"Itabaiana (PB)";"Total";"78,40"
"Itaporanga (PB)";"Total";"83,07"
"Itapororoca (PB)";"Total";"72,79"
"Itatuba (PB)";"Total";"72,19"
"Jacaraú (PB)";"Total";"74,97"
"Jericó (PB)";"Total";"78,90"
"João Pessoa (PB)";"Total";"93,87"
"Juarez Távora (PB)";"Total";"71,96"
"Juazeirinho (PB)";"Total";"82,33"
"Junco do Seridó (PB)";"Total";"81,34"
"Juripiranga (PB)";"Total";"72,90"
"Juru (PB)";"Total";"75,29"
"Lagoa (PB)";"Total";"73,44"
"Lagoa de Dentro (PB)";"Total";"74,94"
"Lagoa Seca (PB)";"Total";"84,58"
"Lastro (PB)";"Total";"72,73"
"Livramento (PB)";"Total";"82,03"
"Logradouro (PB)";"Total";"77,24"
"Lucena (PB)";"Total";"82,60"
"Mãe d'Água (PB)";"Total";"76,66"
"Malta (PB)";"Total";"77,42"
"Mamanguape (PB)";"Total";"78,52"
"Manaíra (PB)";"Total";"73,37"
"Marcação (PB)";"Total";"76,66"
"Mari (PB)";"Total";"74,04"
"Marizópolis (PB)";"Total";"80,79"
"Massaranduba (PB)";"Total";"78,12"
"Mataraca (PB)";"Total";"79,82"
"Matinhas (PB)";"Total";"76,54"
"Mato Grosso (PB)";"Total";"67,55"
"Maturéia (PB)";"Total";"79,83"
"Mogeiro (PB)";"Total";"74,58"
"Montadas (PB)";"Total";"83,19"
"Monte Horebe (PB)";"Total";"77,31"
"Monteiro (PB)";"Total";"81,50"
"Mulungu (PB)";"Total";"75,30"
"Natuba (PB)";"Total";"70,00"
"Nazarezinho (PB)";"Total";"74,25"
"Nova Floresta (PB)";"Total";"80,10"
"Nova Olinda (PB)";"Total";"75,38"
"Nova Palmeira (PB)";"Total";"80,21"
"Olho d'Água (PB)";"Total";"71,28"
"Olivedos (PB)";"Total";"80,73"
"Ouro Velho (PB)";"Total";"76,84"
"Parari (PB)";"Total";"81,98"
"Passagem (PB)";"Total";"79,64"
"Patos (PB)";"Total";"87,18"
"Paulista (PB)";"Total";"76,50"
"Pedra Branca (PB)";"Total";"78,16"
"Pedra Lavrada (PB)";"Total";"79,97"
"Pedras de Fogo (PB)";"Total";"76,74"
"Piancó (PB)";"Total";"80,45"
"Picuí (PB)";"Total";"81,70"
"Pilar (PB)";"Total";"73,69"
"Pilões (PB)";"Total";"71,48"
"Pilõezinhos (PB)";"Total";"73,28"
"Pirpirituba (PB)";"Total";"78,74"
"Pitimbu (PB)";"Total";"81,68"
"Pocinhos (PB)";"Total";"81,49"
"Poço Dantas (PB)";"Total";"70,52"
"Poço de José de Moura (PB)";"Total";"80,96"
"Pombal (PB)";"Total";"81,01"
"Prata (PB)";"Total";"80,15"
"Princesa Isabel (PB)";"Total";"82,13"
"Puxinanã (PB)";"Total";"85,25"
"Queimadas (PB)";"Total";"84,20"
"Quixaba (PB)";"Total";"82,35"
"Remígio (PB)";"Total";"78,84"
"Pedro Régis (PB)";"Total";"74,45"
"Riachão (PB)";"Total";"73,60"
"Riachão do Bacamarte (PB)";"Total";"77,07"
"Riachão do Poço (PB)";"Total";"70,76"
"Riacho de Santo Antônio (PB)";"Total";"78,98"
"Riacho dos Cavalos (PB)";"Total";"78,66"
"Rio Tinto (PB)";"Total";"80,43"
"Salgadinho (PB)";"Total";"75,22"
"Salgado de São Félix (PB)";"Total";"70,36"
"Santa Cecília (PB)";"Total";"74,38"
"Santa Cruz (PB)";"Total";"75,99"
"Santa Helena (PB)";"Total";"78,16"
"Santa Inês (PB)";"Total";"73,02"
"Santa Luzia (PB)";"Total";"85,09"
"Santana de Mangueira (PB)";"Total";"72,86"
"Santana dos Garrotes (PB)";"Total";"70,23"
"Joca Claudino (PB)";"Total";"80,94"
"Santa Rita (PB)";"Total";"85,62"
"Santa Teresinha (PB)";"Total";"77,96"
"Santo André (PB)";"Total";"80,67"
"São Bento (PB)";"Total";"76,85"
"São Bentinho (PB)";"Total";"76,28"
"São Domingos do Cariri (PB)";"Total";"83,73"
"São Domingos (PB)";"Total";"66,23"
"São Francisco (PB)";"Total";"73,89"
"São João do Cariri (PB)";"Total";"82,83"
"São João do Tigre (PB)";"Total";"72,29"
"São José da Lagoa Tapada (PB)";"Total";"69,37"
"São José de Caiana (PB)";"Total";"73,88"
"São José de Espinharas (PB)";"Total";"79,05"
"São José dos Ramos (PB)";"Total";"69,28"
"São José de Piranhas (PB)";"Total";"78,75"
"São José de Princesa (PB)";"Total";"76,78"
"São José do Bonfim (PB)";"Total";"79,51"
"São José do Brejo do Cruz (PB)";"Total";"78,50"
"São José do Sabugi (PB)";"Total";"82,36"
"São José dos Cordeiros (PB)";"Total";"82,15"
"São Mamede (PB)";"Total";"82,41"
"São Miguel de Taipu (PB)";"Total";"74,72"
"São Sebastião de Lagoa de Roça (PB)";"Total";"81,43"
"São Sebastião do Umbuzeiro (PB)";"Total";"78,46"
"Sapé (PB)";"Total";"76,35"
"São Vicente do Seridó (PB)";"Total";"82,34"
"Serra Branca (PB)";"Total";"84,61"
"Serra da Raiz (PB)";"Total";"74,66"
"Serra Grande (PB)";"Total";"81,32"
"Serra Redonda (PB)";"Total";"78,35"
"Serraria (PB)";"Total";"72,01"
"Sertãozinho (PB)";"Total";"82,34"
"Sobrado (PB)";"Total";"75,06"
"Solânea (PB)";"Total";"76,75"
"Soledade (PB)";"Total";"86,29"
"Sossêgo (PB)";"Total";"75,94"
"Sousa (PB)";"Total";"83,33"
"Sumé (PB)";"Total";"82,82"
"Tacima (PB)";"Total";"71,86"
"Taperoá (PB)";"Total";"80,79"
"Tavares (PB)";"Total";"75,94"
"Teixeira (PB)";"Total";"83,02"
"Tenório (PB)";"Total";"78,89"
"Triunfo (PB)";"Total";"80,79"
"Uiraúna (PB)";"Total";"78,60"
"Umbuzeiro (PB)";"Total";"71,19"
"Várzea (PB)";"Total";"89,40"
"Vieirópolis (PB)";"Total";"67,10"
"Zabelê (PB)";"Total";"80,60"
"Abreu e Lima (PE)";"Total";"91,45"
"Afogados da Ingazeira (PE)";"Total";"84,89"
"Afrânio (PE)";"Total";"81,88"
"Agrestina (PE)";"Total";"76,74"
"Água Preta (PE)";"Total";"76,62"
"Águas Belas (PE)";"Total";"70,22"
"Alagoinha (PE)";"Total";"79,00"
"Aliança (PE)";"Total";"78,28"
"Altinho (PE)";"Total";"74,53"
"Amaraji (PE)";"Total";"78,27"
"Angelim (PE)";"Total";"76,82"
"Araçoiaba (PE)";"Total";"80,86"
"Araripina (PE)";"Total";"81,24"
"Arcoverde (PE)";"Total";"87,67"
"Barra de Guabiraba (PE)";"Total";"74,96"
"Barreiros (PE)";"Total";"81,44"
"Belém de Maria (PE)";"Total";"74,27"
"Belém do São Francisco (PE)";"Total";"82,93"
"Belo Jardim (PE)";"Total";"82,07"
"Betânia (PE)";"Total";"74,18"
"Bezerros (PE)";"Total";"79,61"
"Bodocó (PE)";"Total";"76,98"
"Bom Conselho (PE)";"Total";"74,45"
"Bom Jardim (PE)";"Total";"77,41"
"Bonito (PE)";"Total";"78,79"
"Brejão (PE)";"Total";"75,99"
"Brejinho (PE)";"Total";"80,56"
"Brejo da Madre de Deus (PE)";"Total";"77,20"
"Buenos Aires (PE)";"Total";"77,06"
"Buíque (PE)";"Total";"71,22"
"Cabo de Santo Agostinho (PE)";"Total";"89,81"
"Cabrobó (PE)";"Total";"83,03"
"Cachoeirinha (PE)";"Total";"80,70"
"Caetés (PE)";"Total";"74,01"
"Calçado (PE)";"Total";"76,05"
"Calumbi (PE)";"Total";"77,52"
"Camaragibe (PE)";"Total";"92,34"
"Camocim de São Félix (PE)";"Total";"77,17"
"Camutanga (PE)";"Total";"79,67"
"Canhotinho (PE)";"Total";"75,41"
"Capoeiras (PE)";"Total";"75,47"
"Carnaíba (PE)";"Total";"79,78"
"Carnaubeira da Penha (PE)";"Total";"81,44"
"Carpina (PE)";"Total";"87,72"
"Caruaru (PE)";"Total";"89,19"
"Casinhas (PE)";"Total";"75,30"
"Catende (PE)";"Total";"78,70"
"Cedro (PE)";"Total";"83,09"
"Chã de Alegria (PE)";"Total";"81,28"
"Chã Grande (PE)";"Total";"77,05"
"Condado (PE)";"Total";"80,94"
"Correntes (PE)";"Total";"76,29"
"Cortês (PE)";"Total";"75,97"
"Cumaru (PE)";"Total";"75,60"
"Cupira (PE)";"Total";"80,56"
"Custódia (PE)";"Total";"79,11"
"Dormentes (PE)";"Total";"80,32"
"Escada (PE)";"Total";"83,98"
"Exu (PE)";"Total";"79,08"
"Feira Nova (PE)";"Total";"78,25"
"Fernando de Noronha (PE)";"Total";"96,49"
"Ferreiros (PE)";"Total";"79,85"
"Flores (PE)";"Total";"75,09"
"Floresta (PE)";"Total";"86,70"
"Frei Miguelinho (PE)";"Total";"75,77"
"Gameleira (PE)";"Total";"76,25"
"Garanhuns (PE)";"Total";"87,84"
"Glória do Goitá (PE)";"Total";"77,90"
"Goiana (PE)";"Total";"86,25"
"Granito (PE)";"Total";"79,92"
"Gravatá (PE)";"Total";"83,27"
"Iati (PE)";"Total";"70,26"
"Ibimirim (PE)";"Total";"75,60"
"Ibirajuba (PE)";"Total";"74,44"
"Igarassu (PE)";"Total";"89,89"
"Iguaracy (PE)";"Total";"78,72"
"Inajá (PE)";"Total";"75,87"
"Ingazeira (PE)";"Total";"79,65"
"Ipojuca (PE)";"Total";"87,64"
"Ipubi (PE)";"Total";"78,76"
"Itacuruba (PE)";"Total";"87,32"
"Itaíba (PE)";"Total";"70,34"
"Ilha de Itamaracá (PE)";"Total";"89,20"
"Itambé (PE)";"Total";"75,22"
"Itapetim (PE)";"Total";"81,94"
"Itapissuma (PE)";"Total";"88,27"
"Itaquitinga (PE)";"Total";"78,35"
"Jaboatão dos Guararapes (PE)";"Total";"92,79"
"Jaqueira (PE)";"Total";"77,16"
"Jataúba (PE)";"Total";"74,66"
"Jatobá (PE)";"Total";"82,63"
"João Alfredo (PE)";"Total";"74,28"
"Joaquim Nabuco (PE)";"Total";"78,31"
"Jucati (PE)";"Total";"77,06"
"Jupi (PE)";"Total";"78,29"
"Jurema (PE)";"Total";"72,80"
"Lagoa do Carro (PE)";"Total";"81,19"
"Lagoa de Itaenga (PE)";"Total";"78,52"
"Lagoa do Ouro (PE)";"Total";"72,40"
"Lagoa dos Gatos (PE)";"Total";"70,89"
"Lagoa Grande (PE)";"Total";"81,74"
"Lajedo (PE)";"Total";"81,95"
"Limoeiro (PE)";"Total";"84,81"
"Macaparana (PE)";"Total";"77,67"
"Machados (PE)";"Total";"78,68"
"Manari (PE)";"Total";"69,83"
"Maraial (PE)";"Total";"72,26"
"Mirandiba (PE)";"Total";"82,93"
"Moreno (PE)";"Total";"86,16"
"Nazaré da Mata (PE)";"Total";"83,54"
"Olinda (PE)";"Total";"93,96"
"Orobó (PE)";"Total";"77,10"
"Orocó (PE)";"Total";"83,18"
"Ouricuri (PE)";"Total";"78,05"
"Palmares (PE)";"Total";"83,82"
"Palmeirina (PE)";"Total";"75,10"
"Panelas (PE)";"Total";"70,63"
"Paranatama (PE)";"Total";"75,99"
"Parnamirim (PE)";"Total";"78,21"
"Passira (PE)";"Total";"76,24"
"Paudalho (PE)";"Total";"83,72"
"Paulista (PE)";"Total";"95,20"
"Pedra (PE)";"Total";"75,58"
"Pesqueira (PE)";"Total";"81,78"
"Petrolândia (PE)";"Total";"86,29"
"Petrolina (PE)";"Total";"91,57"
"Poção (PE)";"Total";"75,84"
"Pombos (PE)";"Total";"79,42"
"Primavera (PE)";"Total";"81,13"
"Quipapá (PE)";"Total";"72,04"
"Quixaba (PE)";"Total";"78,57"
"Recife (PE)";"Total";"94,52"
"Riacho das Almas (PE)";"Total";"75,74"
"Ribeirão (PE)";"Total";"81,48"
"Rio Formoso (PE)";"Total";"82,42"
"Sairé (PE)";"Total";"76,45"
"Salgadinho (PE)";"Total";"69,64"
"Salgueiro (PE)";"Total";"88,03"
"Saloá (PE)";"Total";"74,21"
"Sanharó (PE)";"Total";"79,23"
"Santa Cruz (PE)";"Total";"79,10"
"Santa Cruz da Baixa Verde (PE)";"Total";"82,47"
"Santa Cruz do Capibaribe (PE)";"Total";"88,24"
"Santa Filomena (PE)";"Total";"75,77"
"Santa Maria da Boa Vista (PE)";"Total";"83,18"
"Santa Maria do Cambucá (PE)";"Total";"75,23"
"Santa Terezinha (PE)";"Total";"80,58"
"São Benedito do Sul (PE)";"Total";"69,17"
"São Bento do Una (PE)";"Total";"78,08"
"São Caitano (PE)";"Total";"77,06"
"São João (PE)";"Total";"77,39"
"São Joaquim do Monte (PE)";"Total";"72,33"
"São José da Coroa Grande (PE)";"Total";"85,10"
"São José do Belmonte (PE)";"Total";"80,23"
"São José do Egito (PE)";"Total";"83,49"
"São Lourenço da Mata (PE)";"Total";"88,23"
"São Vicente Férrer (PE)";"Total";"76,90"
"Serra Talhada (PE)";"Total";"84,54"
"Serrita (PE)";"Total";"79,37"
"Sertânia (PE)";"Total";"80,41"
"Sirinhaém (PE)";"Total";"81,75"
"Moreilândia (PE)";"Total";"80,82"
"Solidão (PE)";"Total";"79,48"
"Surubim (PE)";"Total";"82,08"
"Tabira (PE)";"Total";"83,37"
"Tacaimbó (PE)";"Total";"73,33"
"Tacaratu (PE)";"Total";"80,86"
"Tamandaré (PE)";"Total";"85,61"
"Taquaritinga do Norte (PE)";"Total";"83,69"
"Terezinha (PE)";"Total";"72,02"
"Terra Nova (PE)";"Total";"84,51"
"Timbaúba (PE)";"Total";"82,90"
"Toritama (PE)";"Total";"84,86"
"Tracunhaém (PE)";"Total";"80,60"
"Trindade (PE)";"Total";"81,76"
"Triunfo (PE)";"Total";"87,21"
"Tupanatinga (PE)";"Total";"74,06"
"Tuparetama (PE)";"Total";"82,75"
"Venturosa (PE)";"Total";"80,09"
"Verdejante (PE)";"Total";"81,08"
"Vertente do Lério (PE)";"Total";"72,45"
"Vertentes (PE)";"Total";"80,58"
"Vicência (PE)";"Total";"79,94"
"Vitória de Santo Antão (PE)";"Total";"84,65"
"Xexéu (PE)";"Total";"74,17"
"Água Branca (AL)";"Total";"77,11"
"Anadia (AL)";"Total";"71,28"
"Arapiraca (AL)";"Total";"84,74"
"Atalaia (AL)";"Total";"75,52"
"Barra de Santo Antônio (AL)";"Total";"78,71"
"Barra de São Miguel (AL)";"Total";"85,45"
"Batalha (AL)";"Total";"76,70"
"Belém (AL)";"Total";"76,03"
"Belo Monte (AL)";"Total";"72,95"
"Boca da Mata (AL)";"Total";"77,08"
"Branquinha (AL)";"Total";"67,10"
"Cacimbinhas (AL)";"Total";"70,03"
"Cajueiro (AL)";"Total";"72,56"
"Campestre (AL)";"Total";"76,71"
"Campo Alegre (AL)";"Total";"78,44"
"Campo Grande (AL)";"Total";"67,42"
"Canapi (AL)";"Total";"70,10"
"Capela (AL)";"Total";"76,20"
"Carneiros (AL)";"Total";"77,73"
"Chã Preta (AL)";"Total";"72,94"
"Coité do Nóia (AL)";"Total";"71,66"
"Colônia Leopoldina (AL)";"Total";"74,12"
"Coqueiro Seco (AL)";"Total";"81,46"
"Coruripe (AL)";"Total";"81,77"
"Craíbas (AL)";"Total";"71,09"
"Delmiro Gouveia (AL)";"Total";"82,52"
"Dois Riachos (AL)";"Total";"72,73"
"Estrela de Alagoas (AL)";"Total";"65,80"
"Feira Grande (AL)";"Total";"69,56"
"Feliz Deserto (AL)";"Total";"75,63"
"Flexeiras (AL)";"Total";"74,77"
"Girau do Ponciano (AL)";"Total";"69,76"
"Ibateguara (AL)";"Total";"70,22"
"Igaci (AL)";"Total";"71,01"
"Igreja Nova (AL)";"Total";"72,01"
"Inhapi (AL)";"Total";"71,31"
"Jacaré dos Homens (AL)";"Total";"76,23"
"Jacuípe (AL)";"Total";"75,88"
"Japaratinga (AL)";"Total";"80,06"
"Jaramataia (AL)";"Total";"68,76"
"Jequiá da Praia (AL)";"Total";"79,26"
"Joaquim Gomes (AL)";"Total";"69,39"
"Jundiá (AL)";"Total";"72,30"
"Junqueiro (AL)";"Total";"74,90"
"Lagoa da Canoa (AL)";"Total";"72,44"
"Limoeiro de Anadia (AL)";"Total";"73,79"
"Maceió (AL)";"Total";"91,58"
"Major Isidoro (AL)";"Total";"72,45"
"Maragogi (AL)";"Total";"81,12"
"Maravilha (AL)";"Total";"72,13"
"Marechal Deodoro (AL)";"Total";"86,53"
"Maribondo (AL)";"Total";"77,40"
"Mar Vermelho (AL)";"Total";"79,24"
"Mata Grande (AL)";"Total";"68,92"
"Matriz de Camaragibe (AL)";"Total";"76,66"
"Messias (AL)";"Total";"79,00"
"Minador do Negrão (AL)";"Total";"67,48"
"Monteirópolis (AL)";"Total";"73,54"
"Murici (AL)";"Total";"76,35"
"Novo Lino (AL)";"Total";"73,33"
"Olho d'Água das Flores (AL)";"Total";"79,95"
"Olho d'Água do Casado (AL)";"Total";"75,24"
"Olho d'Água Grande (AL)";"Total";"67,88"
"Olivença (AL)";"Total";"72,68"
"Ouro Branco (AL)";"Total";"76,55"
"Palestina (AL)";"Total";"78,08"
"Palmeira dos Índios (AL)";"Total";"81,17"
"Pão de Açúcar (AL)";"Total";"75,88"
"Pariconha (AL)";"Total";"77,76"
"Paripueira (AL)";"Total";"84,48"
"Passo de Camaragibe (AL)";"Total";"76,25"
"Paulo Jacinto (AL)";"Total";"74,89"
"Penedo (AL)";"Total";"82,05"
"Piaçabuçu (AL)";"Total";"77,17"
"Pilar (AL)";"Total";"82,51"
"Pindoba (AL)";"Total";"76,64"
"Piranhas (AL)";"Total";"79,24"
"Poço das Trincheiras (AL)";"Total";"73,27"
"Porto Calvo (AL)";"Total";"78,87"
"Porto de Pedras (AL)";"Total";"77,92"
"Porto Real do Colégio (AL)";"Total";"72,69"
"Quebrangulo (AL)";"Total";"74,89"
"Rio Largo (AL)";"Total";"86,86"
"Roteiro (AL)";"Total";"74,97"
"Santa Luzia do Norte (AL)";"Total";"85,30"
"Santana do Ipanema (AL)";"Total";"79,03"
"Santana do Mundaú (AL)";"Total";"72,17"
"São Brás (AL)";"Total";"74,66"
"São José da Laje (AL)";"Total";"74,58"
"São José da Tapera (AL)";"Total";"73,01"
"São Luís do Quitunde (AL)";"Total";"75,28"
"São Miguel dos Campos (AL)";"Total";"84,12"
"São Miguel dos Milagres (AL)";"Total";"81,99"
"São Sebastião (AL)";"Total";"71,97"
"Satuba (AL)";"Total";"90,42"
"Senador Rui Palmeira (AL)";"Total";"74,42"
"Tanque d'Arca (AL)";"Total";"70,26"
"Taquarana (AL)";"Total";"74,10"
"Teotônio Vilela (AL)";"Total";"78,41"
"Traipu (AL)";"Total";"67,31"
"União dos Palmares (AL)";"Total";"76,77"
"Viçosa (AL)";"Total";"75,14"
"Amparo do São Francisco (SE)";"Total";"81,27"
"Aquidabã (SE)";"Total";"77,69"
"Aracaju (SE)";"Total";"94,78"
"Arauá (SE)";"Total";"75,99"
"Areia Branca (SE)";"Total";"81,20"
"Barra dos Coqueiros (SE)";"Total";"93,94"
"Boquim (SE)";"Total";"80,47"
"Brejo Grande (SE)";"Total";"75,75"
"Campo do Brito (SE)";"Total";"79,48"
"Canhoba (SE)";"Total";"76,03"
"Canindé de São Francisco (SE)";"Total";"77,63"
"Capela (SE)";"Total";"79,76"
"Carira (SE)";"Total";"74,83"
"Carmópolis (SE)";"Total";"87,99"
"Cedro de São João (SE)";"Total";"84,35"
"Cristinápolis (SE)";"Total";"77,53"
"Cumbe (SE)";"Total";"78,09"
"Divina Pastora (SE)";"Total";"82,65"
"Estância (SE)";"Total";"86,08"
"Feira Nova (SE)";"Total";"76,71"
"Frei Paulo (SE)";"Total";"79,69"
"Gararu (SE)";"Total";"72,33"
"General Maynard (SE)";"Total";"85,64"
"Graccho Cardoso (SE)";"Total";"76,86"
"Ilha das Flores (SE)";"Total";"80,63"
"Indiaroba (SE)";"Total";"79,56"
"Itabaiana (SE)";"Total";"84,00"
"Itabaianinha (SE)";"Total";"78,16"
"Itabi (SE)";"Total";"74,71"
"Itaporanga d'Ajuda (SE)";"Total";"82,22"
"Japaratuba (SE)";"Total";"84,72"
"Japoatã (SE)";"Total";"76,94"
"Lagarto (SE)";"Total";"81,56"
"Laranjeiras (SE)";"Total";"87,09"
"Macambira (SE)";"Total";"80,50"
"Malhada dos Bois (SE)";"Total";"82,81"
"Malhador (SE)";"Total";"79,31"
"Maruim (SE)";"Total";"87,28"
"Moita Bonita (SE)";"Total";"80,79"
"Monte Alegre de Sergipe (SE)";"Total";"74,54"
"Muribeca (SE)";"Total";"79,90"
"Neópolis (SE)";"Total";"80,61"
"Nossa Senhora Aparecida (SE)";"Total";"74,51"
"Nossa Senhora da Glória (SE)";"Total";"80,75"
"Nossa Senhora das Dores (SE)";"Total";"79,11"
"Nossa Senhora de Lourdes (SE)";"Total";"77,22"
"Nossa Senhora do Socorro (SE)";"Total";"91,83"
"Pacatuba (SE)";"Total";"75,52"
"Pedra Mole (SE)";"Total";"82,06"
"Pedrinhas (SE)";"Total";"76,75"
"Pinhão (SE)";"Total";"78,95"
"Pirambu (SE)";"Total";"86,63"
"Poço Redondo (SE)";"Total";"73,39"
"Poço Verde (SE)";"Total";"78,07"
"Porto da Folha (SE)";"Total";"77,66"
"Propriá (SE)";"Total";"85,34"
"Riachão do Dantas (SE)";"Total";"73,91"
"Riachuelo (SE)";"Total";"87,22"
"Ribeirópolis (SE)";"Total";"79,11"
"Rosário do Catete (SE)";"Total";"86,97"
"Salgado (SE)";"Total";"80,43"
"Santa Luzia do Itanhy (SE)";"Total";"75,59"
"Santana do São Francisco (SE)";"Total";"82,73"
"Santa Rosa de Lima (SE)";"Total";"78,69"
"Santo Amaro das Brotas (SE)";"Total";"83,86"
"São Cristóvão (SE)";"Total";"91,09"
"São Domingos (SE)";"Total";"79,67"
"São Francisco (SE)";"Total";"78,98"
"São Miguel do Aleixo (SE)";"Total";"73,97"
"Simão Dias (SE)";"Total";"80,65"
"Siriri (SE)";"Total";"82,21"
"Telha (SE)";"Total";"78,59"
"Tobias Barreto (SE)";"Total";"79,92"
"Tomar do Geru (SE)";"Total";"74,03"
"Umbaúba (SE)";"Total";"81,87"
"Abaíra (BA)";"Total";"81,16"
"Abaré (BA)";"Total";"80,06"
"Acajutiba (BA)";"Total";"81,61"
"Adustina (BA)";"Total";"72,08"
"Água Fria (BA)";"Total";"79,98"
"Érico Cardoso (BA)";"Total";"75,83"
"Aiquara (BA)";"Total";"79,56"
"Alagoinhas (BA)";"Total";"92,47"
"Alcobaça (BA)";"Total";"83,37"
"Almadina (BA)";"Total";"76,95"
"Amargosa (BA)";"Total";"84,76"
"Amélia Rodrigues (BA)";"Total";"90,26"
"América Dourada (BA)";"Total";"82,51"
"Anagé (BA)";"Total";"74,18"
"Andaraí (BA)";"Total";"81,09"
"Andorinha (BA)";"Total";"80,78"
"Angical (BA)";"Total";"81,15"
"Anguera (BA)";"Total";"85,22"
"Antas (BA)";"Total";"81,69"
"Antônio Cardoso (BA)";"Total";"79,40"
"Antônio Gonçalves (BA)";"Total";"83,68"
"Aporá (BA)";"Total";"78,47"
"Apuarema (BA)";"Total";"76,12"
"Aracatu (BA)";"Total";"77,47"
"Araçás (BA)";"Total";"83,03"
"Araci (BA)";"Total";"73,16"
"Aramari (BA)";"Total";"83,53"
"Arataca (BA)";"Total";"75,54"
"Aratuípe (BA)";"Total";"81,58"
"Aurelino Leal (BA)";"Total";"79,36"
"Baianópolis (BA)";"Total";"77,44"
"Baixa Grande (BA)";"Total";"80,72"
"Banzaê (BA)";"Total";"79,17"
"Barra (BA)";"Total";"79,88"
"Barra da Estiva (BA)";"Total";"86,27"
"Barra do Choça (BA)";"Total";"77,71"
"Barra do Mendes (BA)";"Total";"88,82"
"Barra do Rocha (BA)";"Total";"73,78"
"Barreiras (BA)";"Total";"92,49"
"Barro Alto (BA)";"Total";"88,50"
"Barrocas (BA)";"Total";"83,42"
"Barro Preto (BA)";"Total";"80,47"
"Belmonte (BA)";"Total";"82,36"
"Belo Campo (BA)";"Total";"79,99"
"Biritinga (BA)";"Total";"78,08"
"Boa Nova (BA)";"Total";"72,87"
"Boa Vista do Tupim (BA)";"Total";"75,99"
"Bom Jesus da Lapa (BA)";"Total";"86,30"
"Bom Jesus da Serra (BA)";"Total";"77,57"
"Boninal (BA)";"Total";"85,33"
"Bonito (BA)";"Total";"86,02"
"Boquira (BA)";"Total";"79,45"
"Botuporã (BA)";"Total";"77,24"
"Brejões (BA)";"Total";"79,20"
"Brejolândia (BA)";"Total";"79,52"
"Brotas de Macaúbas (BA)";"Total";"88,24"
"Brumado (BA)";"Total";"88,07"
"Buerarema (BA)";"Total";"82,62"
"Buritirama (BA)";"Total";"78,08"
"Caatiba (BA)";"Total";"77,75"
"Cabaceiras do Paraguaçu (BA)";"Total";"79,50"
"Cachoeira (BA)";"Total";"86,81"
"Caculé (BA)";"Total";"85,95"
"Caém (BA)";"Total";"79,75"
"Caetanos (BA)";"Total";"75,91"
"Caetité (BA)";"Total";"84,55"
"Cafarnaum (BA)";"Total";"83,58"
"Cairu (BA)";"Total";"89,02"
"Caldeirão Grande (BA)";"Total";"78,89"
"Camacan (BA)";"Total";"83,88"
"Camaçari (BA)";"Total";"94,60"
"Camamu (BA)";"Total";"79,89"
"Campo Alegre de Lourdes (BA)";"Total";"79,36"
"Campo Formoso (BA)";"Total";"81,53"
"Canápolis (BA)";"Total";"77,64"
"Canarana (BA)";"Total";"86,90"
"Canavieiras (BA)";"Total";"83,63"
"Candeal (BA)";"Total";"81,08"
"Candeias (BA)";"Total";"92,81"
"Candiba (BA)";"Total";"81,00"
"Cândido Sales (BA)";"Total";"79,96"
"Cansanção (BA)";"Total";"79,81"
"Canudos (BA)";"Total";"81,83"
"Capela do Alto Alegre (BA)";"Total";"77,61"
"Capim Grosso (BA)";"Total";"85,15"
"Caraíbas (BA)";"Total";"72,91"
"Caravelas (BA)";"Total";"82,69"
"Cardeal da Silva (BA)";"Total";"83,27"
"Carinhanha (BA)";"Total";"81,37"
"Casa Nova (BA)";"Total";"84,07"
"Castro Alves (BA)";"Total";"82,53"
"Catolândia (BA)";"Total";"79,47"
"Catu (BA)";"Total";"91,20"
"Caturama (BA)";"Total";"75,89"
"Central (BA)";"Total";"85,19"
"Chorrochó (BA)";"Total";"82,01"
"Cícero Dantas (BA)";"Total";"75,98"
"Cipó (BA)";"Total";"81,78"
"Coaraci (BA)";"Total";"81,82"
"Cocos (BA)";"Total";"79,04"
"Conceição da Feira (BA)";"Total";"88,61"
"Conceição do Almeida (BA)";"Total";"85,13"
"Conceição do Coité (BA)";"Total";"85,83"
"Conceição do Jacuípe (BA)";"Total";"91,09"
"Conde (BA)";"Total";"83,98"
"Condeúba (BA)";"Total";"81,68"
"Contendas do Sincorá (BA)";"Total";"82,87"
"Coração de Maria (BA)";"Total";"84,30"
"Cordeiros (BA)";"Total";"76,01"
"Coribe (BA)";"Total";"79,18"
"Coronel João Sá (BA)";"Total";"68,29"
"Correntina (BA)";"Total";"81,20"
"Cotegipe (BA)";"Total";"76,68"
"Cravolândia (BA)";"Total";"80,84"
"Crisópolis (BA)";"Total";"77,16"
"Cristópolis (BA)";"Total";"77,79"
"Cruz das Almas (BA)";"Total";"91,31"
"Curaçá (BA)";"Total";"83,43"
"Dário Meira (BA)";"Total";"74,20"
"Dias d'Ávila (BA)";"Total";"93,47"
"Dom Basílio (BA)";"Total";"81,37"
"Dom Macedo Costa (BA)";"Total";"84,77"
"Elísio Medrado (BA)";"Total";"82,99"
"Encruzilhada (BA)";"Total";"74,11"
"Entre Rios (BA)";"Total";"87,62"
"Esplanada (BA)";"Total";"84,70"
"Euclides da Cunha (BA)";"Total";"78,36"
"Eunápolis (BA)";"Total";"89,55"
"Fátima (BA)";"Total";"75,06"
"Feira da Mata (BA)";"Total";"79,59"
"Feira de Santana (BA)";"Total";"93,40"
"Filadélfia (BA)";"Total";"82,32"
"Firmino Alves (BA)";"Total";"83,87"
"Floresta Azul (BA)";"Total";"78,06"
"Formosa do Rio Preto (BA)";"Total";"81,64"
"Gandu (BA)";"Total";"85,50"
"Gavião (BA)";"Total";"81,62"
"Gentio do Ouro (BA)";"Total";"81,85"
"Glória (BA)";"Total";"78,22"
"Gongogi (BA)";"Total";"80,26"
"Governador Mangabeira (BA)";"Total";"84,77"
"Guajeru (BA)";"Total";"78,26"
"Guanambi (BA)";"Total";"88,16"
"Guaratinga (BA)";"Total";"72,41"
"Heliópolis (BA)";"Total";"73,72"
"Iaçu (BA)";"Total";"78,08"
"Ibiassucê (BA)";"Total";"82,59"
"Ibicaraí (BA)";"Total";"82,81"
"Ibicoara (BA)";"Total";"87,23"
"Ibicuí (BA)";"Total";"80,89"
"Ibipeba (BA)";"Total";"84,22"
"Ibipitanga (BA)";"Total";"77,10"
"Ibiquera (BA)";"Total";"81,35"
"Ibirapitanga (BA)";"Total";"79,03"
"Ibirapuã (BA)";"Total";"84,30"
"Ibirataia (BA)";"Total";"77,84"
"Ibitiara (BA)";"Total";"81,05"
"Ibititá (BA)";"Total";"85,16"
"Ibotirama (BA)";"Total";"86,82"
"Ichu (BA)";"Total";"88,95"
"Igaporã (BA)";"Total";"81,64"
"Igrapiúna (BA)";"Total";"80,61"
"Iguaí (BA)";"Total";"75,94"
"Ilhéus (BA)";"Total";"90,86"
"Inhambupe (BA)";"Total";"79,28"
"Ipecaetá (BA)";"Total";"78,84"
"Ipiaú (BA)";"Total";"85,20"
"Ipirá (BA)";"Total";"77,45"
"Ipupiara (BA)";"Total";"87,40"
"Irajuba (BA)";"Total";"77,45"
"Iramaia (BA)";"Total";"83,23"
"Iraquara (BA)";"Total";"88,48"
"Irará (BA)";"Total";"83,86"
"Irecê (BA)";"Total";"91,69"
"Itabela (BA)";"Total";"82,00"
"Itaberaba (BA)";"Total";"87,87"
"Itabuna (BA)";"Total";"91,80"
"Itacaré (BA)";"Total";"86,28"
"Itaeté (BA)";"Total";"78,99"
"Itagi (BA)";"Total";"79,51"
"Itagibá (BA)";"Total";"81,04"
"Itagimirim (BA)";"Total";"77,64"
"Itaguaçu da Bahia (BA)";"Total";"80,96"
"Itaju do Colônia (BA)";"Total";"80,35"
"Itajuípe (BA)";"Total";"81,14"
"Itamaraju (BA)";"Total";"84,30"
"Itamari (BA)";"Total";"77,35"
"Itambé (BA)";"Total";"79,94"
"Itanagra (BA)";"Total";"82,03"
"Itanhém (BA)";"Total";"81,60"
"Itaparica (BA)";"Total";"92,54"
"Itapé (BA)";"Total";"81,56"
"Itapebi (BA)";"Total";"77,20"
"Itapetinga (BA)";"Total";"89,08"
"Itapicuru (BA)";"Total";"71,18"
"Itapitanga (BA)";"Total";"80,88"
"Itaquara (BA)";"Total";"78,57"
"Itarantim (BA)";"Total";"83,28"
"Itatim (BA)";"Total";"83,35"
"Itiruçu (BA)";"Total";"79,47"
"Itiúba (BA)";"Total";"80,34"
"Itororó (BA)";"Total";"79,13"
"Ituaçu (BA)";"Total";"78,52"
"Ituberá (BA)";"Total";"83,53"
"Iuiu (BA)";"Total";"80,03"
"Jaborandi (BA)";"Total";"80,08"
"Jacaraci (BA)";"Total";"81,40"
"Jacobina (BA)";"Total";"87,30"
"Jaguaquara (BA)";"Total";"80,73"
"Jaguarari (BA)";"Total";"84,32"
"Jaguaripe (BA)";"Total";"80,83"
"Jandaíra (BA)";"Total";"81,18"
"Jequié (BA)";"Total";"88,19"
"Jeremoabo (BA)";"Total";"73,77"
"Jiquiriçá (BA)";"Total";"80,51"
"Jitaúna (BA)";"Total";"76,89"
"João Dourado (BA)";"Total";"84,41"
"Juazeiro (BA)";"Total";"90,33"
"Jucuruçu (BA)";"Total";"72,98"
"Jussara (BA)";"Total";"79,22"
"Jussari (BA)";"Total";"81,84"
"Jussiape (BA)";"Total";"82,57"
"Lafaiete Coutinho (BA)";"Total";"75,29"
"Lagoa Real (BA)";"Total";"78,92"
"Laje (BA)";"Total";"79,08"
"Lajedão (BA)";"Total";"81,35"
"Lajedinho (BA)";"Total";"81,81"
"Lajedo do Tabocal (BA)";"Total";"81,77"
"Lamarão (BA)";"Total";"74,72"
"Lapão (BA)";"Total";"83,54"
"Lauro de Freitas (BA)";"Total";"96,32"
"Lençóis (BA)";"Total";"89,33"
"Licínio de Almeida (BA)";"Total";"84,05"
"Livramento de Nossa Senhora (BA)";"Total";"82,80"
"Luís Eduardo Magalhães (BA)";"Total";"95,32"
"Macajuba (BA)";"Total";"78,45"
"Macarani (BA)";"Total";"79,61"
"Macaúbas (BA)";"Total";"80,15"
"Macururé (BA)";"Total";"77,87"
"Madre de Deus (BA)";"Total";"95,57"
"Maetinga (BA)";"Total";"76,57"
"Maiquinique (BA)";"Total";"83,01"
"Mairi (BA)";"Total";"80,34"
"Malhada (BA)";"Total";"79,65"
"Malhada de Pedras (BA)";"Total";"80,36"
"Manoel Vitorino (BA)";"Total";"76,20"
"Mansidão (BA)";"Total";"88,60"
"Maracás (BA)";"Total";"81,72"
"Maragogipe (BA)";"Total";"82,40"
"Maraú (BA)";"Total";"84,14"
"Marcionílio Souza (BA)";"Total";"78,40"
"Mascote (BA)";"Total";"79,47"
"Mata de São João (BA)";"Total";"91,05"
"Matina (BA)";"Total";"75,02"
"Medeiros Neto (BA)";"Total";"83,19"
"Miguel Calmon (BA)";"Total";"83,51"
"Milagres (BA)";"Total";"81,88"
"Mirangaba (BA)";"Total";"80,88"
"Mirante (BA)";"Total";"75,89"
"Monte Santo (BA)";"Total";"72,34"
"Morpará (BA)";"Total";"81,07"
"Morro do Chapéu (BA)";"Total";"83,93"
"Mortugaba (BA)";"Total";"84,63"
"Mucugê (BA)";"Total";"84,75"
"Mucuri (BA)";"Total";"87,21"
"Mulungu do Morro (BA)";"Total";"84,10"
"Mundo Novo (BA)";"Total";"81,67"
"Muniz Ferreira (BA)";"Total";"82,57"
"Muquém do São Francisco (BA)";"Total";"81,01"
"Muritiba (BA)";"Total";"88,20"
"Mutuípe (BA)";"Total";"82,19"
"Nazaré (BA)";"Total";"84,94"
"Nilo Peçanha (BA)";"Total";"78,53"
"Nordestina (BA)";"Total";"78,46"
"Nova Canaã (BA)";"Total";"76,18"
"Nova Fátima (BA)";"Total";"83,24"
"Nova Ibiá (BA)";"Total";"78,48"
"Nova Itarana (BA)";"Total";"79,76"
"Nova Redenção (BA)";"Total";"82,01"
"Nova Soure (BA)";"Total";"77,07"
"Nova Viçosa (BA)";"Total";"86,53"
"Novo Horizonte (BA)";"Total";"88,01"
"Novo Triunfo (BA)";"Total";"78,88"
"Olindina (BA)";"Total";"77,76"
"Oliveira dos Brejinhos (BA)";"Total";"85,20"
"Ouriçangas (BA)";"Total";"80,26"
"Ourolândia (BA)";"Total";"78,43"
"Palmas de Monte Alto (BA)";"Total";"77,20"
"Palmeiras (BA)";"Total";"91,15"
"Paramirim (BA)";"Total";"82,60"
"Paratinga (BA)";"Total";"81,32"
"Paripiranga (BA)";"Total";"77,10"
"Pau Brasil (BA)";"Total";"82,17"
"Paulo Afonso (BA)";"Total";"87,62"
"Pé de Serra (BA)";"Total";"79,88"
"Pedrão (BA)";"Total";"84,74"
"Pedro Alexandre (BA)";"Total";"68,10"
"Piatã (BA)";"Total";"83,60"
"Pilão Arcado (BA)";"Total";"74,92"
"Pindaí (BA)";"Total";"80,68"
"Pindobaçu (BA)";"Total";"82,48"
"Pintadas (BA)";"Total";"80,26"
"Piraí do Norte (BA)";"Total";"81,49"
"Piripá (BA)";"Total";"77,78"
"Piritiba (BA)";"Total";"83,38"
"Planaltino (BA)";"Total";"73,81"
"Planalto (BA)";"Total";"77,92"
"Poções (BA)";"Total";"80,91"
"Pojuca (BA)";"Total";"91,31"
"Ponto Novo (BA)";"Total";"80,75"
"Porto Seguro (BA)";"Total";"91,53"
"Potiraguá (BA)";"Total";"85,36"
"Prado (BA)";"Total";"86,21"
"Presidente Dutra (BA)";"Total";"86,32"
"Presidente Jânio Quadros (BA)";"Total";"74,95"
"Presidente Tancredo Neves (BA)";"Total";"80,42"
"Queimadas (BA)";"Total";"82,14"
"Quijingue (BA)";"Total";"71,22"
"Quixabeira (BA)";"Total";"81,97"
"Rafael Jambeiro (BA)";"Total";"76,17"
"Remanso (BA)";"Total";"79,55"
"Retirolândia (BA)";"Total";"86,36"
"Riachão das Neves (BA)";"Total";"77,97"
"Riachão do Jacuípe (BA)";"Total";"85,10"
"Riacho de Santana (BA)";"Total";"78,52"
"Ribeira do Amparo (BA)";"Total";"69,27"
"Ribeira do Pombal (BA)";"Total";"81,99"
"Ribeirão do Largo (BA)";"Total";"73,99"
"Rio de Contas (BA)";"Total";"81,82"
"Rio do Antônio (BA)";"Total";"75,31"
"Rio do Pires (BA)";"Total";"82,26"
"Rio Real (BA)";"Total";"81,29"
"Rodelas (BA)";"Total";"87,44"
"Ruy Barbosa (BA)";"Total";"81,98"
"Salinas da Margarida (BA)";"Total";"91,26"
"Salvador (BA)";"Total";"96,55"
"Santa Bárbara (BA)";"Total";"81,94"
"Santa Brígida (BA)";"Total";"71,68"
"Santa Cruz Cabrália (BA)";"Total";"88,81"
"Santa Cruz da Vitória (BA)";"Total";"79,01"
"Santa Inês (BA)";"Total";"78,96"
"Santaluz (BA)";"Total";"82,93"
"Santa Luzia (BA)";"Total";"79,98"
"Santa Maria da Vitória (BA)";"Total";"81,65"
"Santana (BA)";"Total";"83,26"
"Santanópolis (BA)";"Total";"81,57"
"Santa Rita de Cássia (BA)";"Total";"83,93"
"Santa Terezinha (BA)";"Total";"79,06"
"Santo Amaro (BA)";"Total";"89,68"
"Santo Antônio de Jesus (BA)";"Total";"91,76"
"Santo Estêvão (BA)";"Total";"84,87"
"São Desidério (BA)";"Total";"82,12"
"São Domingos (BA)";"Total";"82,76"
"São Félix (BA)";"Total";"87,22"
"São Félix do Coribe (BA)";"Total";"85,72"
"São Felipe (BA)";"Total";"83,51"
"São Francisco do Conde (BA)";"Total";"91,79"
"São Gabriel (BA)";"Total";"84,97"
"São Gonçalo dos Campos (BA)";"Total";"90,03"
"São José da Vitória (BA)";"Total";"78,30"
"São José do Jacuípe (BA)";"Total";"78,32"
"São Miguel das Matas (BA)";"Total";"81,84"
"São Sebastião do Passé (BA)";"Total";"89,13"
"Sapeaçu (BA)";"Total";"87,04"
"Sátiro Dias (BA)";"Total";"78,74"
"Saubara (BA)";"Total";"88,77"
"Saúde (BA)";"Total";"81,51"
"Seabra (BA)";"Total";"89,17"
"Sebastião Laranjeiras (BA)";"Total";"78,40"
"Senhor do Bonfim (BA)";"Total";"87,45"
"Serra do Ramalho (BA)";"Total";"82,19"
"Sento Sé (BA)";"Total";"81,93"
"Serra Dourada (BA)";"Total";"80,58"
"Serra Preta (BA)";"Total";"79,78"
"Serrinha (BA)";"Total";"87,38"
"Serrolândia (BA)";"Total";"79,43"
"Simões Filho (BA)";"Total";"94,36"
"Sítio do Mato (BA)";"Total";"83,87"
"Sítio do Quinto (BA)";"Total";"71,81"
"Sobradinho (BA)";"Total";"86,84"
"Souto Soares (BA)";"Total";"85,85"
"Tabocas do Brejo Velho (BA)";"Total";"78,12"
"Tanhaçu (BA)";"Total";"78,83"
"Tanque Novo (BA)";"Total";"81,16"
"Tanquinho (BA)";"Total";"86,50"
"Taperoá (BA)";"Total";"80,53"
"Tapiramutá (BA)";"Total";"82,47"
"Teixeira de Freitas (BA)";"Total";"89,68"
"Teodoro Sampaio (BA)";"Total";"84,62"
"Teofilândia (BA)";"Total";"81,12"
"Teolândia (BA)";"Total";"77,34"
"Terra Nova (BA)";"Total";"89,61"
"Tremedal (BA)";"Total";"73,14"
"Tucano (BA)";"Total";"76,96"
"Uauá (BA)";"Total";"80,05"
"Ubaíra (BA)";"Total";"76,42"
"Ubaitaba (BA)";"Total";"84,08"
"Ubatã (BA)";"Total";"83,43"
"Uibaí (BA)";"Total";"88,11"
"Umburanas (BA)";"Total";"79,23"
"Una (BA)";"Total";"82,10"
"Urandi (BA)";"Total";"82,73"
"Uruçuca (BA)";"Total";"81,42"
"Utinga (BA)";"Total";"83,34"
"Valença (BA)";"Total";"85,17"
"Valente (BA)";"Total";"85,09"
"Várzea da Roça (BA)";"Total";"76,79"
"Várzea do Poço (BA)";"Total";"81,76"
"Várzea Nova (BA)";"Total";"80,39"
"Varzedo (BA)";"Total";"80,57"
"Vera Cruz (BA)";"Total";"91,86"
"Vereda (BA)";"Total";"79,41"
"Vitória da Conquista (BA)";"Total";"90,90"
"Wagner (BA)";"Total";"84,47"
"Wanderley (BA)";"Total";"82,75"
"Wenceslau Guimarães (BA)";"Total";"75,07"
"Xique-Xique (BA)";"Total";"83,19"
"Fonte: IBGE - Censo Demográfico"

"Notas"
"1 - Dados do Universo"
"2 - No Censo Demográfico 2022, definiu-se como indígena a pessoa residente em localidades indígenas que se declarou indígena pelo quesito de cor ou raça ou pelo quesito se considera indígena; ou a pessoa residente fora das localidades indígenas que se declarou indígena no quesito de cor ou raça. Por essa razão, o total de pessoas indígenas é superior ou igual ao total de pessoas de cor ou raça declarada indígena, nos diferentes recortes."
"3 - No Censo Demográfico 2022, foram consideradas localidades indígenas aquelas que compõem o conjunto das Terras Indígenas, dos agrupamentos indígenas e das demais áreas de conhecida ou potencial ocupação indígena. Para mais detalhes, consultar a documentação metodológica."
"4 - No Censo Demográfico 2022, foram consideradas as Terras Indígenas declaradas, homologadas, regularizadas ou encaminhadas como Reservas Indígenas até 31 de julho de 2022, data de referência da pesquisa, conforme os dados da Fundação Nacional dos Povos Indígenas – FUNAI. Para mais informações, consultar a documentação metodológica."
"5 - A categoria Total de cor ou raça inclui os ignorados omitidos na tabela."
""
"Legenda"
"Símbolo";"Significado"
"-";"Zero absoluto, não resultante de um cálculo ou arredondamento.
Ex: Em determinado município não existem pessoas de 14 anos de idade sem instrução."
"0";"Zero resultante de um cálculo ou arredondamento.
Ex: A inflação do feijão em determinada Região Metropolitana foi 0.
Determinado município produziu 400 kg de sementes de girassol e os dados da tabela são expressos em toneladas."
"X";"Valor inibido para não identificar o informante.
Ex: Determinado município só possui uma empresa produtora de cimento, logo o valor de sua produção deve ser inibido."
"..";"Valor não se aplica.
Ex: Não se pode obter o total da produção agrícola em determinado município quando os produtos agrícolas são contabilizados com unidades de medida distintas."
"...";"Valor não disponível.
Ex: A produção de feijão em determinado município não foi pesquisada ou determinado município não existia no ano da pesquisa."
"A a Z
(exceto X)";"Significa uma faixa de valores. Varia em função da tabela (se for o caso).
Ex: O nível de precisão da produção estimada de combustíveis está na faixa A (95 a 100%)"
